{
	"parts": 2,
	"order": "WESTERN",
	"male_firstname": [
		"Adriano",
		"Afonso",
		"Alexandre",
		"Alfredo",
		"André",
		"Antônio",
		"Arthur",
		"Augusto",
		"Bartolomeu",
		"Benedito",
		"Bernardo",
		"Bruno",
		"Caio",
		"Carlos",
		"Cassiano",
		"Cauã",
		"Cauan",
		"Celso",
		"César",
		"Cláudio",
		"Cristiano",
		"Daniel",
		"Davi",
		"Denis",
		"Diego",
		"Diogo",
		"Domingos",
		"Edson",
		"Eduardo",
		"Elias",
		"Emílio",
		"Enrico",
		"Enzo",
		"Eric",
		"Ernesto",
		"Estêvão",
		"Eugênio",
		"Evandro",
		"Fábio",
		"Fabrício",
		"Felipe",
		"Fernando",
		"Flávio",
		"Francisco",
		"Frederico",
		"Gabriel",
		"Geraldo",
		"Gilberto",
		"Giovani",
		"Guilherme",
		"Gustavo",
		"Heitor",
		"Henrique",
		"Hugo",
		"Igor",
		"Isaque",
		"Ítalo",
		"Ivan",
		"Jaime",
		"João",
		"Joaquim",
		"Jorge",
		"José",
		"Juliano",
		"Júlio",
		"Kevin",
		"Laercio",
		"Leandro",
		"Leonardo",
		"Lucas",
		"Luciano",
		"Luís",
		"Luiz",
		"Manoel",
		"Marcelo",
		"Márcio",
		"Marco",
		"Marcos",
		"Mateus",
		"Matheus",
		"Maurício",
		"Miguel",
		"Natan",
		"Natanael",
		"Nelson",
		"Nicolas",
		"Otávio",
		"Paulo",
		"Pedro",
		"Rafael",
		"Raimundo",
		"Raul",
		"Renato",
		"Ricardo",
		"Roberto",
		"Rodrigo",
		"Samuel",
		"Sandro",
		"Sebastião",
		"Sérgio",
		"Thiago",
		"Vagner",
		"Vinícius",
		"Vítor",
		"William"
	],
	"female_firstname": [
		"Adriana",
		"Aline",
		"Amanda",
		"Amélia",
		"Ana",
		"Andressa",
		"Angélica",
		"Antônia",
		"Bárbara",
		"Beatriz",
		"Bianca",
		"Bruna",
		"Camila",
		"Carla",
		"Carmem",
		"Carolina",
		"Catarina",
		"Cecília",
		"Clara",
		"Clarice",
		"Cláudia",
		"Cristiane",
		"Daniela",
		"Denise",
		"Eduarda",
		"Elisa",
		"Eloá",
		"Emília",
		"Érica",
		"Fabiana",
		"Fernanda",
		"Francisca",
		"Gabriela",
		"Giovana",
		"Giselle",
		"Helena",
		"Heloísa",
		"Inês",
		"Isabela",
		"Isadora",
		"Ivone",
		"Janaína",
		"Jéssica",
		"Joana",
		"Josefa",
		"Juliana",
		"Júlia",
		"Karen",
		"Karina",
		"Larissa",
		"Laura",
		"Lavínia",
		"Lígia",
		"Lorena",
		"Luana",
		"Luciana",
		"Lúcia",
		"Luísa",
		"Luiza",
		"Márcia",
		"Maria",
		"Mariana",
		"Marina",
		"Marta",
		"Melissa",
		"Milena",
		"Mirela",
		"Natália",
		"Nicole",
		"Nina",
		"Olívia",
		"Paloma",
		"Patrícia",
		"Paula",
		"Pietra",
		"Priscila",
		"Rafaela",
		"Regina",
		"Renata",
		"Rita",
		"Roberta",
		"Rosa",
		"Sandra",
		"Sara",
		"Sílvia",
		"Simone",
		"Sofia",
		"Stefany",
		"Tainá",
		"Tatiane",
		"Thais",
		"Valéria",
		"Vanessa",
		"Verônica",
		"Vitória",
		"Viviane",
		"Yara",
		"Yasmin",
		"Zélia"
	],
	"surnames": [
		"Almeida",
		"Alves",
		"Amaral",
		"Amorim",
		"Antunes",
		"Araújo",
		"Azevedo",
		"Batista",
		"Barbosa",
		"Barros",
		"Borges",
		"Campos",
		"Cardoso",
		"Carvalho",
		"Castro",
		"Cavalcante",
		"Chaves",
		"Coelho",
		"Costa",
		"Coutinho",
		"Cruz",
		"Dias",
		"Duarte",
		"Esteves",
		"Farias",
		"Faria",
		"Fernandes",
		"Ferreira",
		"Figueiredo",
		"Freitas",
		"Galvão",
		"Garcia",
		"Gomes",
		"Gonçalves",
		"Guimarães",
		"Henriques",
		"Jesus",
		"Lemos",
		"Lima",
		"Lopes",
		"Machado",
		"Macedo",
		"Magalhães",
		"Maia",
		"Marques",
		"Martins",
		"Medeiros",
		"Melo",
		"Miranda",
		"Monteiro",
		"Morais",
		"Moreira",
		"Neves",
		"Nogueira",
		"Nunes",
		"Oliveira",
		"Pacheco",
		"Paiva",
		"Pereira",
		"Pimentel",
		"Pinheiro",
		"Pinto",
		"Pontes",
		"Ramos",
		"Reis",
		"Ribeiro",
		"Rocha",
		"Rodrigues",
		"Sá",
		"Sampaio",
		"Santana",
		"Santiago",
		"Santos",
		"Silva",
		"Simões",
		"Soares",
		"Sousa",
		"Teixeira",
		"Tavares",
		"Torres",
		"Valente",
		"Vasconcelos",
		"Viana",
		"Vieira",
		"Xavier",
		"Abreu",
		"Albuquerque",
		"Cabral",
		"Camargo",
		"Cintra",
		"Furtado",
		"Lacerda",
		"Leal",
		"Morgado",
		"Queiroz",
		"Rezende",
		"Serra",
		"Toledo",
		"Vilela"
	]
}
